,V1_V2,V1_V3,V1_V4,V2_V3,V2_V4,V3_V4
NP2DRES,0.00396161938348705,0.001748112712994156,2.4557211458361245e-10,0.7748576851671135,0.00018490689637306744,0.0005774163896397626
NP3BRADY,0.24399280691264677,0.040007766536100275,0.0025949585523568383,0.38816655148144963,0.07919380505761606,0.3853639051050256
NP3POSTR,0.019759486999276068,0.006926669122015904,1.4119862968036464e-05,0.7107783856859626,0.032703838642273615,0.07471146080558687
NP3TTAPR,0.14500086359038744,0.030255193646937406,6.294086640825328e-05,0.46631659423388794,0.007794947132546368,0.05009161421401944
NP2EAT,0.004955461101645545,0.0007176552259301928,1.3915586847556458e-09,0.4564532502050992,0.0005185028557735584,0.008728140015220393
NP3RIGN,0.11021567599252242,0.005580337487737635,0.0001086034303055439,0.20963756221304564,0.017387288447214922,0.2748899948512133
NP3TTAPL,0.20150105350465197,0.10852587813782918,6.293130917020184e-07,0.7869844958755114,0.0001910594229055924,0.00030948538186339894
NP2RISE,0.007197225947984237,0.0023131842965966806,4.180898792798691e-09,0.7811264426356322,0.000765718331912361,0.0014951047325937967
NP2HOBB,0.0308327513324785,0.007513230581923524,5.8868309686234354e-08,0.6288525162162715,0.0009297439055879213,0.004048054461887821
NP2TURN,3.869872061981302e-05,0.0007840495640072737,2.8310862238710513e-13,0.4899447719756571,0.00034567704059864404,2.973536217992808e-05
NP3LGAGL,0.08511330278038415,0.02404494072925219,1.1699042877275511e-07,0.626019868202617,0.0003255724399341968,0.0014445111989698511
NP2HWRT,0.17042948670652178,0.03292918389683146,3.986184643271526e-06,0.4231472203696185,0.0008018672989533374,0.011335296746232734
NP3LGAGR,0.8379416504488452,0.2870800657848742,0.00036453685780303373,0.22208065338494132,0.00027568708357992243,0.013588189830711228
NP3RISNG,0.058134259194442914,0.008807638593954616,0.00016105383148999757,0.4221957891031749,0.05733064865351474,0.2942913134745663
NP3HMOVL,0.0167390624755815,0.03131446476007455,0.00021139718747671552,0.8360924002719055,0.20765904625095252,0.14564816577235734
NP3GAIT,0.05720432357393747,0.019788581993416734,2.3988581627971413e-07,0.6798513481880776,0.0012715879812651455,0.004747505583236895
NP3RIGRL,0.17151181965026002,0.25999513645378514,0.002209705968406433,0.8750416939164039,0.08687025705505792,0.07604037742024738
NP2SPCH,0.06295058551996947,0.017223874295637823,3.5331996963782054e-06,0.6311468720632488,0.004755685295788189,0.016321943819334703
NP3PRSPL,0.2903888775720596,0.17593034392570742,0.006006209548833654,0.8015834382861772,0.09958480353009103,0.14714097254558475
NP3FACXP,0.7950565646428008,1.0,0.052413013562429285,0.8030585398551554,0.09233864920116852,0.06123397357025517
